[{
	"PatientID": "P1",
	"AID": "A1",
	"Filename": "Blood_Test_Report",
	"FilePath": "/webapp/BTH.txt",
	"Date": "01/05/2016",
	"__metadata": {
		"uri": "Attachments_Set(PatientID='P1', AID='A1')",
		"type": "DC.Attachments"
	},
	"ToPatientA": {
		"__deferred": {
			"uri": "Attachments_Set(PatientID='P1', AID='A1')/ToPatientA"
		}
	}
}, {
	"PatientID": "P2",
	"AID": "A1",
	"Filename": "IgE_Test_Report",
	"FilePath": "/webapp/IgE.jpg",
	"Date": "12/21/2015",
	"__metadata": {
		"uri": "Attachments_Set(PatientID='P2', AID='A1')",
		"type": "DC.Attachments"
	},
	"ToPatientA": {
		"__deferred": {
			"uri": "Attachments_Set(PatientID='P2', AID='A1')/ToPatientA"
		}
	}
}, {
	"PatientID": "P3",
	"AID": "A1",
	"Filename": "Blood_Test_Report",
	"FilePath": "/webapp/BT.jpg",
	"Date": "11/12/2015",
	"__metadata": {
		"uri": "Attachments_Set(PatientID='P3', AID='A1')",
		"type": "DC.Attachments"
	},
	"ToPatientA": {
		"__deferred": {
			"uri": "Attachments_Set(PatientID='P3', AID='A1')/ToPatientA"
		}
	}
}]