[{
	"PatientID": "P1",
	"MHID": "MH1",
	"History": "Mild fever",
	"Date": "2016/01/01",
	"Medicine": "Fevago drops - 0.5 ml  1-1-1",
	"__metadata": {
		"uri": "MedicalHistory_Set(PatientID='P1', MHID='MH1')",
		"type": "DC.MedicalHistory"
	},
	"ToPatients": {
		"__deferred": {
			"uri": "MedicalHistory_Set(PatientID='P1', MHID='MH1')/ToPatients"
		}
	}
}, {
	"PatientID": "P1",
	"MHID": "MH2",
	"History": "Running nose",
	"Date": "2016/01/01",
	"Medicine": "Sinarest drops - 0.5 ml 3 times 3 days",
	"__metadata": {
		"uri": "MedicalHistory_Set(PatientID='P1', MHID='MH2')",
		"type": "DC.MedicalHistory"
	},
	"ToPatients": {
		"__deferred": {
			"uri": "MedicalHistory_Set(PatientID='P1', MHID='MH2')/ToPatients"
		}
	}
}, {
	"PatientID": "P1",
	"MHID": "MH3",
	"History": "Wet cough",
	"Date": "2016/02/11",
	"Medicine": "Kofarest -  2 drops 3 times 3 days",
	"__metadata": {
		"uri": "MedicalHistory_Set(PatientID='P1', MHID='MH3')",
		"type": "DC.MedicalHistory"
	},
	"ToPatients": {
		"__deferred": {
			"uri": "MedicalHistory_Set(PatientID='P1', MHID='MH3')/ToPatients"
		}
	}
}, {
	"PatientID": "P2",
	"MHID": "MH1",
	"History": "Eczema",
	"Date": "2015/12/13",
	"Medicine": "Alograce cream - apply 3 times. Use Tedibar soap",
	"__metadata": {
		"uri": "MedicalHistory_Set(PatientID='P2', MHID='MH1')",
		"type": "DC.MedicalHistory"
	},
	"ToPatients": {
		"__deferred": {
			"uri": "MedicalHistory_Set(PatientID='P2', MHID='MH1')/ToPatients"
		}
	}
}, {
	"PatientID": "P3",
	"MHID": "MH1",
	"Date": "2015/11/11",
	"History": "Dehydration",
	"Medicine": "Drink plenty of clear fluids, ORS 3 times a day",
	"__metadata": {
		"uri": "MedicalHistory_Set(PatientID='P3', MHID='MH1')",
		"type": "DC.MedicalHistory"
	},
	"ToPatients": {
		"__deferred": {
			"uri": "MedicalHistory_Set(PatientID='P3', MHID='MH1')/ToPatients"
		}
	}
}, {
	"PatientID": "P3",
	"MHID": "MH2",
	"History": "Loose Motion",
	"Date": "2015/11/11",
	"Medicine": "Loperamide -  1 ml twice a day",
	"__metadata": {
		"uri": "MedicalHistory_Set(PatientID='P3', MHID='MH2')",
		"type": "DC.MedicalHistory"
	},
	"ToPatients": {
		"__deferred": {
			"uri": "MedicalHistory_Set(PatientID='P3', MHID='MH2')/ToPatients"
		}
	}
}]