[{
	"PatientID": "P1",
	"Patientname": "Jane Mill",
	"Age": 0.11,
	"Unit": "Years",
	"Vaccination": "Delayed",
	"DOB": "Mon May 04 2015",
	"Address": "A Building, UK",
	"Parentname": "Janice Mill",
	"Relationship": "Mother",
	"Photo": "/webapp/Jane.JPG",
	"Contact": "12345678",
	"__metadata": {
		"uri": "Patients_Set('P1')",
		"type": "DC.Patients"
	},
	"ToMedicalHistory": {
		"__deferred": {
			"uri": "Patients_Set('P1')/ToMedicalHistory"
		}
	},
	"ToVaccination": {
		"__deferred": {
			"uri": "Patients_Set('P1')/ToVaccination"
		}
	}
}, {
	"PatientID": "P2",
	"Patientname": "Ria Dove",
	"Age": 5,
	"Unit": "Years",
	"Vaccination": "On Time",
	"DOB": "Sun Jan 02 2011",
	"Address": "B Building, LA, US",
	"Parentname": "Jessie dove",
	"Relationship": "Father",
	"Photo": "/webapp/Ria.jpg",
	"Contact": "89764531",
	"__metadata": {
		"uri": "Patients_Set('P2')",
		"type": "DC.Patients"
	},
	"ToMedicalHistory": {
		"__deferred": {
			"uri": "Patients_Set('P2')/ToMedicalHistory"
		}
	},
	"ToVaccination": {
		"__deferred": {
			"uri": "Patients_Set('P2')/ToVaccination"
		}
	},
	"ToAttachments": {
		"__deferred": {
			"uri": "Patients_Set('P2')/ToMedicalHistory"
		}
	}
}, {
	"Vaccination": "Accelerated",
	"PatientID": "P3",
	"Patientname": "Sam S",
	"Age": 1.06,
	"Unit": "Years",
	"DOB": "Sat Aug 09 2014",
	"Address": "C building, SF, US",
	"Parentname": "Brad S",
	"Relationship": "Father",
	"Photo": "/webapp/Sam.jpg",
	"Contact": "65489356",
	"__metadata": {
		"uri": "Patients_Set('P3')",
		"type": "DC.Patients"
	},
	"ToMedicalHistory": {
		"__deferred": {
			"uri": "Patients_Set('P3')/ToMedicalHistory"
		}
	},
	"ToVaccination": {
		"__deferred": {
			"uri": "Patients_Set('P3')/ToVaccination"
		}
	},
	"ToAttachments": {
		"__deferred": {
			"uri": "Patients_Set('P3')/ToMedicalHistory"
		}
	}
}]