[{
	"PatientID": "P1",
	"MHID": "MH1",
	"History": "Mild fever",
	"Date": "Thu Feb 11 2016",
	"Medicine": "Fevago drops - 0.5 ml  1-1-1"
}, {
	"PatientID": "P1",
	"MHID": "MH2",
	"History": "Running nose",
	"Date": "Thu Feb 11 2016",
	"Medicine": "Sinarest drops - 0.5 ml 3 times 3 days"
}, {
	"PatientID": "P1",
	"MHID": "MH3",
	"History": "Wet cough",
	"Date": "Fri Jan 01 2016",
	"Medicine": "Kofarest -  2 drops 3 times 3 days"
}, {
	"PatientID": "P2",
	"MHID": "MH1",
	"History": "Eczema",
	"Date": "Sat Dec 12 2015",
	"Medicine": "Alograce cream - apply 3 times. Use Tedibar soap"
}, {
	"PatientID": "P3",
	"MHID": "MH1",
	"Date": "Wed Nov 11 2015",
	"History": "Dehydration",
	"Medicine": "Drink plenty of clear fluids, ORS 3 times a day"
}, {
	"PatientID": "P3",
	"MHID": "MH2",
	"History": "Loose Motion",
	"Date": "Wed Nov 11 2015",
	"Medicine": "Loperamide -  1 ml twice a day"
}]