<?xml version="1.0" encoding="utf-8"?>
<edmx:Edmx Version="1.0" xmlns:edmx="http://schemas.microsoft.com/ado/2007/06/edmx"
	xmlns:m="http://schemas.microsoft.com/ado/2007/08/dataservices/metadata" xmlns:sap="http://www.sap.com/Protocols/SAPData">
	<edmx:DataServices m:DataServiceVersion="2.0">
		<Schema Namespace="DC" sap:schema-version="1" xml:lang="en" xmlns="http://schemas.microsoft.com/ado/2008/09/edm">
			<EntityType Name="Patients">
				<Key>
					<PropertyRef Name="PatientID"/>
				</Key>
				<Property Name="PatientID" Nullable="false" Type="Edm.String"/>
				<Property Name="Patientname" Nullable="false" Type="Edm.String"/>
				<Property Name="Age" Nullable="false" Type="Edm.Number"/>
				<Property Name="Unit" Nullable="false" Type="Edm.String"/>
				<Property Name="Vaccination" Nullable="false" Type="Edm.String"/>
				<Property Name="DOB" Nullable="false" Type="Edm.String"/>
				<Property Name="Address" Nullable="false" Type="Edm.String"/>
				<Property Name="Parentname" Nullable="false" Type="Edm.String"/>
				<Property Name="Relationship" Nullable="false" Type="Edm.String"/>
				<Property Name="Contact" Nullable="false" Type="Edm.Number"/>
				<Property Name="Photo" Nullable="false" Type="Edm.String"/>
				<NavigationProperty Name="ToMedicalHistory" Relationship="DC.Assoc_Patients_MedicalHistory"
					FromRole="FromRole_Assoc_Patients_MedicalHistory" ToRole="ToRole_Assoc_Patients_MedicalHistory"/>
				<NavigationProperty Name="ToVaccination" Relationship="DC.Assoc_Patients_Vaccination" FromRole="FromRole_Assoc_Patients_Vaccination"
					ToRole="ToRole_Assoc_Patients_Vaccination"/>
				<NavigationProperty Name="ToAttachments" Relationship="DC.Assoc_Patients_Attachments" FromRole="FromRole_Assoc_Patients_Attachments"
					ToRole="ToRole_Assoc_Patients_Attachments"/>
			</EntityType>
			<EntityType Name="MedicalHistory">
				<Key>
					<PropertyRef Name="PatientID"/>
					<PropertyRef Name="MHID"/>
				</Key>
				<Property Name="PatientID" Nullable="false" Type="Edm.String"/>
				<Property Name="MHID" Nullable="false" Type="Edm.String"/>
				<Property Name="History" Nullable="false" Type="Edm.String"/>
				<Property Name="Date" Nullable="false" Type="Edm.String"/>
				<Property Name="Medicine" Nullable="false" Type="Edm.String"/>
				<NavigationProperty Name="ToPatients" Relationship="DC.Assoc_Patients_MedicalHistory" FromRole="ToRole_Assoc_Patients_MedicalHistory"
					ToRole="FromRole_Assoc_Patients_MedicalHistory"/>
			</EntityType>
			<EntityType Name="Vaccination">
				<Key>
					<PropertyRef Name="PatientID"/>
					<PropertyRef Name="VID"/>
				</Key>
				<Property Name="PatientID" Nullable="false" Type="Edm.String"/>
				<Property Name="VID" Nullable="false" Type="Edm.String"/>
				<Property Name="Vage" Type="Edm.String"/>
				<Property Name="Vaccination" Nullable="false" Type="Edm.String"/>
				<Property Name="Duedate" Type="Edm.String"/>
				<Property Name="Vaccinationdate" Nullable="false" Type="Edm.Date"/>
				<NavigationProperty Name="ToPatient" Relationship="DC.Assoc_Patients_Vaccination" FromRole="ToRole_Assoc_Patients_Vaccination"
					ToRole="FromRole_Assoc_Patients_Vaccination"/>
			</EntityType>
			<EntityType Name="Attachments">
				<Key>
					<PropertyRef Name="PatientID"/>
					<PropertyRef Name="AID"/>
				</Key>
				<Property Name="PatientID" Nullable="false" Type="Edm.String"/>
				<Property Name="AID" Nullable="false" Type="Edm.String"/>
				<Property Name="Filename" Nullable="false" Type="Edm.String"/>
				<Property Name="FilePath" Nullable="false" Type="Edm.String"/>
				<Property Name="Date" Nullable="false" Type="Edm.String"/>
				<NavigationProperty Name="ToPatientA" Relationship="DC.Assoc_Patients_Attachments" FromRole="ToRole_Assoc_Patients_Attachments"
					ToRole="FromRole_Assoc_Patients_Attachments"/>
			</EntityType>
			<Association Name="Assoc_Patients_MedicalHistory" sap:content-version="1">
				<End Type="DC.Patients" Multiplicity="1" Role="FromRole_Assoc_Patients_MedicalHistory"/>
				<End Type="DC.MedicalHistory" Multiplicity="*" Role="ToRole_Assoc_Patients_MedicalHistory"/>
				<ReferentialConstraint>
					<Principal Role="FromRole_Assoc_Patients_MedicalHistory">
						<PropertyRef Name="PatientID"/>
					</Principal>
					<Dependent Role="ToRole_Assoc_Patients_MedicalHistory">
						<PropertyRef Name="PatientID"/>
					</Dependent>
				</ReferentialConstraint>
			</Association>
			<Association Name="Assoc_Patients_Vaccination" sap:content-version="1">
				<End Type="DC.Patients" Multiplicity="1" Role="FromRole_Assoc_Patients_Vaccination"/>
				<End Type="DC.Vaccination" Multiplicity="*" Role="ToRole_Assoc_Patients_Vaccination"/>
				<ReferentialConstraint>
					<Principal Role="FromRole_Assoc_Patients_Vaccination">
						<PropertyRef Name="PatientID"/>
					</Principal>
					<Dependent Role="ToRole_Assoc_Patients_Vaccination">
						<PropertyRef Name="PatientID"/>
					</Dependent>
				</ReferentialConstraint>
			</Association>
			<Association Name="Assoc_Patients_Attachments" sap:content-version="1">
				<End Type="DC.Patients" Multiplicity="1" Role="FromRole_Assoc_Patients_Attachments"/>
				<End Type="DC.Attachments" Multiplicity="*" Role="ToRole_Assoc_Patients_Attachments"/>
				<ReferentialConstraint>
					<Principal Role="FromRole_Assoc_Patients_Attachments">
						<PropertyRef Name="PatientID"/>
					</Principal>
					<Dependent Role="ToRole_Assoc_Patients_Attachments">
						<PropertyRef Name="PatientID"/>
					</Dependent>
				</ReferentialConstraint>
			</Association>
			<EntityContainer Name="DCSetContainer" m:IsDefaultEntityContainer="true" sap:supported-formats="atom json xlsx csv">
				<EntitySet EntityType="DC.Patients" Name="Patients_Set"/>
				<EntitySet EntityType="DC.MedicalHistory" Name="MedicalHistory_Set"/>
				<EntitySet EntityType="DC.Vaccination" Name="Vaccination_Set"/>
				<EntitySet EntityType="DC.Attachments" Name="Attachments_Set"/>
				<AssociationSet Name="Assoc_Patients_MedicalHistory_Ass" Association="DC.Assoc_Patients_MedicalHistory" sap:creatable="false"
					sap:updatable="false" sap:deletable="false" sap:content-version="1">
					<End EntitySet="Patients_Set" Role="FromRole_Assoc_Patients_MedicalHistory"/>
					<End EntitySet="MedicalHistory_Set" Role="ToRole_Assoc_Patients_MedicalHistory"/>
				</AssociationSet>
				<AssociationSet Name="Assoc_Patients_Vaccination_Ass" Association="DC.Assoc_Patients_Vaccination" sap:creatable="false"
					sap:updatable="false" sap:deletable="false" sap:content-version="1">
					<End EntitySet="Patients_Set" Role="FromRole_Assoc_Patients_Vaccination"/>
					<End EntitySet="Vaccination_Set" Role="ToRole_Assoc_Patients_Vaccination"/>
				</AssociationSet>
				<AssociationSet Name="Assoc_Patients_Attachments_Ass" Association="DC.Assoc_Patients_Attachments" sap:creatable="false"
					sap:updatable="false" sap:deletable="false" sap:content-version="1">
					<End EntitySet="Patients_Set" Role="FromRole_Assoc_Patients_Attachments"/>
					<End EntitySet="Attachments_Set" Role="ToRole_Assoc_Patients_Attachments"/>
				</AssociationSet>
			</EntityContainer>
		</Schema>
	</edmx:DataServices>
</edmx:Edmx>