[{
	"PatientID": "P1",
	"Patientname": "Jane Mill",
	"Age": 11,
	"Unit": "Months",
	"Vaccination": "Delayed",
	"DOB": "Mon May 04 2015",
	"Address": "A Building, UK",
	"Parentname": "Janice Mill",
	"Relationship": "Mother",
	"Photo": "/api/projects/0effc44e3b1bb4f70ba2e6f3/document/56e542cce08497a3e21b62b1/1/render"
}, {
	"PatientID": "P2",
	"Patientname": "Ria Dove",
	"Age": 5,
	"Unit": "Years",
	"Vaccination": "On Time",
	"DOB": "Sun Jan 02 2011",
	"Address": "B Building, LA, US",
	"Parentname": "Jessie dove",
	"Relationship": "Father",
	"Photo": "/api/projects/0effc44e3b1bb4f70ba2e6f3/document/56e542cc06e0edbfe253ab08/1/render"
}, {
	"Vaccination": "Accelerated",
	"PatientID": "P3",
	"Patientname": "Sam S",
	"Age": 1.5,
	"Unit": "Years",
	"DOB": "Sat Aug 09 2014",
	"Address": "C building, SF, Us",
	"Parentname": "Brad S",
	"Relationship": "Father",
	"Photo": "/api/projects/0effc44e3b1bb4f70ba2e6f3/document/56e542ca207febf2e2a72c9e/1/render"
}]