[{
	"PatientID": "P1",
	"VID": "V1",
	"Vage": "AT BIRTH",
	"Vaccination": "HEP B VACCINE -I",
	"Duedate": "Mon May 04 2015",
	"Vaccinationdate": "Mon May 04 2015",
			"__metadata": {
		"uri": "Vaccination_Set(PatientID='P1', VID='V1')",
		"type": "DC.Vaccination"
	},
	"ToPatient": {
		"__deferred": {
			"uri": "Vaccination_Set(PatientID='P1', VID='V1')/ToPatient"
		}
	}
}, {
	"PatientID": "P1",
	"VID": "V2",
	"Vage": "AT BIRTH",
	"Vaccination": "ORAL PV 0 DOSE",
	"Duedate": "Mon May 04 2015",
	"Vaccinationdate": "Mon May 04 2015",
				"__metadata": {
		"uri": "Vaccination_Set(PatientID='P1', VID='V2')",
		"type": "DC.Vaccination"
	},
	"ToPatient": {
		"__deferred": {
			"uri": "Vaccination_Set(PatientID='P1', VID='V2')/ToPatient"
		}
	}
}, {
	"PatientID": "P1",
	"VID": "V3",
	"Vage": "BIRTH TO 6 WK",
	"Vaccination": "BCG",
	"Duedate": "Sat Jun 20 2015",
	"Vaccinationdate": "Mon May 04 2015",
				"__metadata": {
		"uri": "Vaccination_Set(PatientID='P1', VID='V3')",
		"type": "DC.Vaccination"
	},
	"ToPatient": {
		"__deferred": {
			"uri": "Vaccination_Set(PatientID='P1', VID='V3')/ToPatient"
		}
	}
}, {
	"PatientID": "P1",
	"VID": "V4",
	"Vage": "4-6 WEEKS",
	"Vaccination": "HEP B VACCINE -II",
	"Duedate": "Sat Jun 20 2015",
	"Vaccinationdate": "Tue Jun 30 2015",
				"__metadata": {
		"uri": "Vaccination_Set(PatientID='P1', VID='V4')",
		"type": "DC.Vaccination"
	},
	"ToPatient": {
		"__deferred": {
			"uri": "Vaccination_Set(PatientID='P1', VID='V4')/ToPatient"
		}
	}
}, {
	"PatientID": "P1",
	"VID": "V5",
	"Vage": "6 WEEKS",
	"Vaccination": "DPT-I OPV -I",
	"Duedate": "Sat Jun 20 2015",
	"Vaccinationdate": "Tue Jun 30 2015",
				"__metadata": {
		"uri": "Vaccination_Set(PatientID='P1', VID='V5')",
		"type": "DC.Vaccination"
	},
	"ToPatient": {
		"__deferred": {
			"uri": "Vaccination_Set(PatientID='P1', VID='V5')/ToPatient"
		}
	}
}, {
	"PatientID": "P1",
	"VID": "V6",
	"Vage": "10 WEEKS",
	"Vaccination": "DPT-II OPV-II HEP B VACCINE III*",
	"Vaccinationdate": "Mon Jul 20 2015",
	"Duedate": "Thu Aug 20 2015",
				"__metadata": {
		"uri": "Vaccination_Set(PatientID='P1', VID='V6')",
		"type": "DC.Vaccination"
	},
	"ToPatient": {
		"__deferred": {
			"uri": "Vaccination_Set(PatientID='P1', VID='V6')/ToPatient"
		}
	}
}, {
	"PatientID": "P1",
	"VID": "V7",
	"Vage": "14 WEEKS",
	"Vaccination": "DPT-III OPV- III HEP B VACCINE IV*",
	"Duedate": "Thu Aug 20 2015",
	"Vaccinationdate": "Sun Sep 20 2015",
				"__metadata": {
		"uri": "Vaccination_Set(PatientID='P1', VID='V7')",
		"type": "DC.Vaccination"
	},
	"ToPatient": {
		"__deferred": {
			"uri": "Vaccination_Set(PatientID='P1', VID='V7')/ToPatient"
		}
	}
}, {
	"PatientID": "P1",
	"VID": "V8",
	"Vage": "24 WEEKS",
	"Vaccination": "HEP B VACCINE III*",
	"Duedate": "Wed Nov 04 2015",
	"Vaccinationdate": "",
				"__metadata": {
		"uri": "Vaccination_Set(PatientID='P1', VID='V8')",
		"type": "DC.Vaccination"
	},
	"ToPatient": {
		"__deferred": {
			"uri": "Vaccination_Set(PatientID='P1', VID='V8')/ToPatient"
		}
	}
}, {
	"PatientID": "P1",
	"VID": "V9",
	"Vage": "9-12 MTHS",
	"Vaccination": "OPV-IV MEASLES",
	"Duedate": "Wed May 04 2016",
	"Vaccinationdate": "",
				"__metadata": {
		"uri": "Vaccination_Set(PatientID='P1', VID='V9')",
		"type": "DC.Vaccination"
	},
	"ToPatient": {
		"__deferred": {
			"uri": "Vaccination_Set(PatientID='P1', VID='V9')/ToPatient"
		}
	}
}, {
	"PatientID": "P1",
	"VID": "V10",
	"Vage": "15-18 MTHS",
	"Vaccination": "MMR*",
	"Duedate": "Fri Nov 04 2016",
	"Vaccinationdate": "",
				"__metadata": {
		"uri": "Vaccination_Set(PatientID='P1', VID='V10')",
		"type": "DC.Vaccination"
	},
	"ToPatient": {
		"__deferred": {
			"uri": "Vaccination_Set(PatientID='P1', VID='V10')/ToPatient"
		}
	}
}, {
	"PatientID": "P1",
	"VID": "V11",
	"Vage": "18 MTHS",
	"Vaccination": "DPT –BOOSTER I OPV –V",
	"Duedate": "Fri Nov 04 2016",
	"Vaccinationdate": "",
				"__metadata": {
		"uri": "Vaccination_Set(PatientID='P1', VID='V11')",
		"type": "DC.Vaccination"
	},
	"ToPatient": {
		"__deferred": {
			"uri": "Vaccination_Set(PatientID='P1', VID='V11')/ToPatient"
		}
	}
}, {
	"PatientID": "P1",
	"VID": "V12",
	"Vage": "24 MTHS",
	"Vaccination": "TYPHOID*",
	"Duedate": "Thu May 04 2017",
	"Vaccinationdate": "",
				"__metadata": {
		"uri": "Vaccination_Set(PatientID='P1', VID='V12')",
		"type": "DC.Vaccination"
	},
	"ToPatient": {
		"__deferred": {
			"uri": "Vaccination_Set(PatientID='P1', VID='V12')/ToPatient"
		}
	}
}, {
	"PatientID": "P1",
	"VID": "V13",
	"Vage": "4-5 YR",
	"Vaccination": "DPT BOOSTER – II OPV -VI",
	"Duedate": "Mon May 04 2020",
	"Vaccinationdate": "",
				"__metadata": {
		"uri": "Vaccination_Set(PatientID='P1', VID='V13')",
		"type": "DC.Vaccination"
	},
	"ToPatient": {
		"__deferred": {
			"uri": "Vaccination_Set(PatientID='P1', VID='V13')/ToPatient"
		}
	}
}, {
	"PatientID": "P3",
	"VID": "V1",
	"Vage": "AT BIRTH",
	"Vaccination": "HEP B VACCINE -I",
	"Duedate": "Sat Aug 09 2014",
	"Vaccinationdate": "Sat Aug 09 2014",
				"__metadata": {
		"uri": "Vaccination_Set(PatientID='P3', VID='V1')",
		"type": "DC.Vaccination"
	},
	"ToPatient": {
		"__deferred": {
			"uri": "Vaccination_Set(PatientID='P3', VID='V1')/ToPatient"
		}
	}
}, {
	"PatientID": "P3",
	"VID": "V2",
	"Vage": "AT BIRTH",
	"Vaccination": "ORAL PV 0 DOSE",
	"Duedate": "Sat Aug 09 2014",
	"Vaccinationdate": "Sat Aug 09 2014",
				"__metadata": {
		"uri": "Vaccination_Set(PatientID='P3', VID='V2')",
		"type": "DC.Vaccination"
	},
	"ToPatient": {
		"__deferred": {
			"uri": "Vaccination_Set(PatientID='P3', VID='V2')/ToPatient"
		}
	}
}, {
	"PatientID": "P3",
	"VID": "V3",
	"Vage": "BIRTH TO 6 WK",
	"Vaccination": "BCG",
	"Duedate": "Sat Aug 09 2014",
	"Vaccinationdate": "Sat Aug 09 2014",
				"__metadata": {
		"uri": "Vaccination_Set(PatientID='P3', VID='V3')",
		"type": "DC.Vaccination"
	},
	"ToPatient": {
		"__deferred": {
			"uri": "Vaccination_Set(PatientID='P3', VID='V3')/ToPatient"
		}
	}
}, {
	"PatientID": "P3",
	"VID": "V4",
	"Vage": "4-6 WEEKS",
	"Vaccination": "HEP B VACCINE -II",
	"Duedate": "Wed Sep 24 2014",
	"Vaccinationdate": "Wed Sep 24 2014",
				"__metadata": {
		"uri": "Vaccination_Set(PatientID='P3', VID='V4')",
		"type": "DC.Vaccination"
	},
	"ToPatient": {
		"__deferred": {
			"uri": "Vaccination_Set(PatientID='P3', VID='V4')/ToPatient"
		}
	}
}, {
	"PatientID": "P3",
	"VID": "V5",
	"Vage": "6 WEEKS",
	"Vaccination": "DPT-I OPV -I",
	"Duedate": "Wed Sep 24 2014",
	"Vaccinationdate": "Wed Sep 24 2014",
				"__metadata": {
		"uri": "Vaccination_Set(PatientID='P3', VID='V5')",
		"type": "DC.Vaccination"
	},
	"ToPatient": {
		"__deferred": {
			"uri": "Vaccination_Set(PatientID='P3', VID='V5')/ToPatient"
		}
	}
}, {
	"PatientID": "P3",
	"VID": "V6",
	"Vage": "10 WEEKS",
	"Vaccination": "DPT-II OPV-II HEP B VACCINE III*",
	"Vaccinationdate": "Sat Jan 24 2015",
	"Duedate": "Sat Jan 24 2015",
				"__metadata": {
		"uri": "Vaccination_Set(PatientID='P3', VID='V6')",
		"type": "DC.Vaccination"
	},
	"ToPatient": {
		"__deferred": {
			"uri": "Vaccination_Set(PatientID='P3', VID='V6')/ToPatient"
		}
	}
}, {
	"PatientID": "P3",
	"VID": "V7",
	"Vage": "14 WEEKS",
	"Vaccination": "DPT-III OPV- III HEP B VACCINE IV*",
	"Duedate": "Tue Feb 24 2015",
	"Vaccinationdate": "Sun Apr 22 2015",
				"__metadata": {
		"uri": "Vaccination_Set(PatientID='P3', VID='V7')",
		"type": "DC.Vaccination"
	},
	"ToPatient": {
		"__deferred": {
			"uri": "Vaccination_Set(PatientID='P3', VID='V7')/ToPatient"
		}
	}
}, {
	"PatientID": "P3",
	"VID": "V8",
	"Vage": "24 WEEKS",
	"Vaccination": "HEP B VACCINE III*",
	"Duedate": "Fri Apr 24 2015",
	"Vaccinationdate": "Fri Apr 24 2015",
				"__metadata": {
		"uri": "Vaccination_Set(PatientID='P3', VID='V8')",
		"type": "DC.Vaccination"
	},
	"ToPatient": {
		"__deferred": {
			"uri": "Vaccination_Set(PatientID='P3', VID='V8')/ToPatient"
		}
	}
}, {
	"PatientID": "P3",
	"VID": "V9",
	"Vage": "9-12 MTHS",
	"Vaccination": "OPV-IV MEASLES",
	"Duedate": "Sun Aug 09 2015",
	"Vaccinationdate": "Sun Aug 09 2015",
				"__metadata": {
		"uri": "Vaccination_Set(PatientID='P3', VID='V9')",
		"type": "DC.Vaccination"
	},
	"ToPatient": {
		"__deferred": {
			"uri": "Vaccination_Set(PatientID='P3', VID='V9')/ToPatient"
		}
	}
}, {
	"PatientID": "P3",
	"VID": "V10",
	"Vage": "15-18 MTHS",
	"Vaccination": "MMR*",
	"Duedate": "Tue Feb 09 2016",
	"Vaccinationdate": "Thu Dec 17 2015",
				"__metadata": {
		"uri": "Vaccination_Set(PatientID='P3', VID='V10')",
		"type": "DC.Vaccination"
	},
	"ToPatient": {
		"__deferred": {
			"uri": "Vaccination_Set(PatientID='P3', VID='V10')/ToPatient"
		}
	}
}, {
	"PatientID": "P3",
	"VID": "V11",
	"Vage": "18 MTHS",
	"Vaccination": "DPT –BOOSTER I OPV –V",
	"Duedate": "Tue Feb 09 2016",
	"Vaccinationdate": "Thu Jan 31 2016",
				"__metadata": {
		"uri": "Vaccination_Set(PatientID='P3', VID='V13')",
		"type": "DC.Vaccination"
	},
	"ToPatient": {
		"__deferred": {
			"uri": "Vaccination_Set(PatientID='P3', VID='V13')/ToPatient"
		}
	}
}, {
	"PatientID": "P3",
	"VID": "V12",
	"Vage": "24 MTHS",
	"Vaccination": "TYPHOID*",
	"Duedate": "Tue Aug 09 2016",
	"Vaccinationdate": "",
				"__metadata": {
		"uri": "Vaccination_Set(PatientID='P3', VID='V12')",
		"type": "DC.Vaccination"
	},
	"ToPatient": {
		"__deferred": {
			"uri": "Vaccination_Set(PatientID='P3', VID='V12')/ToPatient"
		}
	}
}, {
	"PatientID": "P3",
	"VID": "V13",
	"Vage": "4-5 YR",
	"Vaccination": "DPT BOOSTER – II OPV -VI",
	"Duedate": "Fri Aug 09 2019",
	"Vaccinationdate": "2016-04-05",
				"__metadata": {
		"uri": "Vaccination_Set(PatientID='P3', VID='V13')",
		"type": "DC.Vaccination"
	},
	"ToPatient": {
		"__deferred": {
			"uri": "Vaccination_Set(PatientID='P3', VID='V13')/ToPatient"
		}
	}
}]