{
  "projectType": [
    "sap.watt.uitools.ide.plugin",
    "sap.watt.uitools.ide.fiori",
    "sap.watt.uitools.ide.web",
    "com.watt.common.builder.sapui5clientbuild"
  ],
  "build": {
    "targetFolder": "dist",
    "sourceFolder": "webapp",
    "excludedFolders": [
      "test"
    ],
    "excludedFiles": [
      "test.html"
    ],
    "buildRequired": true
  },
  "generation": [
    {
      "templateId": "sap.ui.ui5-template-plugin.2masterdetail",
      "templateVersion": "1.34.5",
      "dateTimeStamp": "Fri, 01 Apr 2016 09:20:16 GMT"
    }
  ],
  "mockpreview": {
    "mockUri": "/here/goes/your/serviceurl/",
    "metadataFilePath": "localService/metadata.xml",
    "loadJSONFiles": true,
    "loadCustomRequests": false,
    "mockRequestsFilePath": ""
  },
  "translation": {
    "translationDomain": "",
    "supportedLanguages": "en,fr,de",
    "defaultLanguage": "en",
    "defaultI18NPropertyFile": "i18n.properties",
    "resourceModelName": "i18n"
  },
  "dataBinding": {
    "/webapp/view/Detail.view.xml": {
      "entitySet": ""
    }
  },
  "plugindevelopment": {
    "devUrlParameters": {
      "sap-ide-debug": ""
    },
    "dependencies": {
      "all": []
    }
  }
}